Nome,Cidade,Tipo,Latitude/Longitude,HorÃ¡rio Funcionamento,Categoria,avaliacao
Cachoeira do azeite,Piedade do Rio Grande,Cachoeira,"-21.54726161249888, -44.18294297606091",24h,Aberto,4.8
PraÃ§a Salvador LourenÃ§o ,Piedade do Rio Grande,PraÃ§a,"-21.45942305470554, -44.197974311525456",24h,Aberto,4.7
Cachoeira do Atalho ,Dores dos campos,Cachoeira,"-21.101421336137957, -44.0321813889203",24h,Aberto,4.6
Mirante do Cristo,SÃ£o Vicente de Minas ,Ponto TurÃ­stico,"-21.73495342790702, -44.30109856120256",,Aberto,4.8
