Nome,Cidade,Tipo,Latitude/Longitude,Horário Funcionamento,Categoria,Avaliação,Descrição,""."",""
"Cachoeira do azeite","Piedade do Rio Grande","Cachoeira","-21.54726161249888, -44.18294297606091","24h","Aberto","4.8","Cachoeira localizada na Zona Rural do Município de Piedade do Rio Grande, muito apreciada pelos moradores e visitantes.","","",""
"Igreja Nossa senhora do Rosário","Piedade do Rio Grande","Igreja","-21.456223587339817, -44.198668769798225","","Fechado","4.8","A Igreja do Rosário foi tombada pela Prefeitura Municipal de Piedade do Rio Grande-MG por sua importância cultural para a cidade.","","",""
"Igreja de Pedra (Nossa Senhora do Rosário)","Coronel Xavier Chaves - MG","igreja","-21.02130878474155, -44.22366983310554","","Fechado","5.0","A Igreja de Nossa Senhora do Rosário, mais conhecida como “Igrejinha de pedra” se destaca pela sua beleza, as dimensões de capela e a delicadeza nos detalhes a torna única. Pode ser considerada um símbolo do município e um atrativo de visitantes. Ponto de parada para turistas, sinônimo de tranquilidade para os moradores e até mesmo ponto de apoio para os ciclistas que se refrescam com a água da pia de pedra sabão ao lado da igreja.","","",""
"Praça Salvador Lourenço ","Piedade do Rio Grande","Praça","-21.45942305470554, -44.197974311525456","24h","Aberto","4.7","","","",""
"Cachoeira do Atalho ","Dores dos campos","Cachoeira","-21.101421336137957, -44.0321813889203","24h","Aberto","4.6","Está localizada acima da cachoeira do Atalho ou do Tavinho, caminhada em trilha. Seguir em direção ao clube dos 50, estrada de terra","","",""
"Hotel irmãos Fagundes","Piedade do Rio Grande","Hotel","-21.471810045396026, -44.18727334960903","","Fechado","3.6","","","",""
"Quincas hotel e restaurante","Piedade do Rio Grande","Hotel","-21.46610994390269, -44.19218707604838","","Fechado","3.8","","","",""
"Pousada Chave de Sol","Piedade do Rio Grande","Pousada","-21.48337716766475, -44.29138519019751","","Fechado","4.3","","","",""
"Pousada dos viajantes ","Piedade do Rio Grande","Pousada","-21.48594193409586, -44.30477641154854","","Fechado","4.7","","","",""
"Igreja Nossa Senhora das Dores","Dores de Campos ","Igreja","-21.106348641597478, -44.02328199920321","","Fechado","5","","","",""
"Pousada luar de prata ","Piedade do Rio Grande","Pousada","-21.484635542934164, -44.313769753549686","","Fechado","4.5","","","",""
"Dormitório Santana","Piedade do Rio Grande ","Hotel","-21.60163411079178, -43.94789639188657","","Fechado","4.5","","","",""
"Igreja Nossa Senhora do Rosário","Dores de Campos ","Igreja","-21.109834163817055, -44.02501532693739","","Fechado","4.9","","","",""
"Bar e restaurante do Nane ","Piedade do Rio Grande","Restaurante","-21.4668336559262, -44.1980803319814","","Fechado","4.8","","","",""
"Sushidojovem","Piedade do Rio Grande ","Restaurante","-21.464495755748498, -44.19266245083024","","Fechado","5","","","",""
"Ribite Lanches","Piedade do Rio Grande ","Restaurante","-21.4687199351111, -44.18876368143525","","Fechado","4.9","","","",""
"Restaurante e pizzaria da valdeia ","Piedade do Rio Grande ","Pizzaria","-21.46372120939286, -44.167541434844246","","Fechado","4.6","","","",""
"Café Daju ","Piedade do Rio Grande","Restaurante","-21.47074357332198, -44.1963220422327","","Fechado","4.8","","","",""
"Pousada Moura Ávila","Dores de Campos ","Hotel","-21.106089788266143, -44.03010654468572","","Fechado","4.3","","","",""
"Hotel Saldanha","Dores de Campos ","Hotel","-21.106920518134665, -44.02484721136595","","Fechado","4.3","","","",""
"Bar do Tonho da Bradinha ","Piedade do Rio Grande","Restaurante","-21.466964843751363, -44.19465958085504","","Fechado","4.2","","","",""
"Gervan Hotel","Dores de Campos ","Hotel","-21.107829123605324, -44.025208964449455","","Fechado","4.1","","","",""
"Mirante do Cristo","São Vicente de Minas ","Ponto Turístico","-21.73495342790702, -44.30109856120256","","Aberto","4.8","","","",""
"Estação das Artes ","São Vicente de Minas ","Estação","-21.69951422666993, -44.438902196906966","","Aberto","4.4","","","",""
"Fast Burger","Dores de Campos ","Restaurante","-21.10666679257659, -44.030033139093874","","Fechado","4","","","",""
"Igreja São Vicente Ferrer ","São Vicente de Minas ","Igreja ","-21.70240885721772, -44.44347526585222","","Fechado","4.6","","","",""
"Restaurante Vó Brasilina","Dores de Campos ","Restaurante","-21.106890589045356, -44.02285595799745","","Fechado","4.7","","","",""
"Casarão da Bisa","São Vicente de Minas ","Pub ","-21.70580004402829, -44.44264350412715","","Fechado","","","","",""
"Restaurante Da Norma","Dores de Campos ","Restaurante","-21.111034903042146, -44.02014401062338","","Fechado","4.8","","","",""
"Restaurante Avenida","Dores de Campos ","Restaurante","-21.108897533504102, -44.025422839563696","","Fechado","4.7","","","",""
"Restaurante do Cornélio","São Vicente de Minas ","Restaurante","-21.70266119063317, -44.44294783606033","","Fechado","4.6","","","",""
"Rafain Restaurante e Pizzaria","Dores de Campos ","Restaurante","-21.10903396831779, -44.02539943980245","","Fechado","4.8","","","",""
"Restaurante do Dito ","São Vicente de Minas ","Restaurante","-21.703698539323508, -44.436605767123325","","Fechado","4.7","","","",""
"Hotel Serra Azul","São Vicente de Minas ","Hotel","-21.70131153477564, -44.44111828742672","","Fechado","3.5","","","",""
"Hotel Bela Vista","São Vicente de Minas ","Hotel","-21.70204924440191, -44.44167617429743","","Fechado","3.9","","","",""
"Pousada Tia Eta","São Vicente de Minas ","Pousada","-21.697822550093733, -44.44365050106973","","Fechado","4.7","","","",""
"Rosa dos Ventos","São Vicente de Minas ","Hotel","-21.69688551171285, -44.44453029343885","","Fechado","4","","","",""
"Casa de Queijos Empório Mineiro","São Vicente de Minas ","","-21.698230036427447, -44.43900591243839","","Fechado","4.4","","","",""
"Igreja Matriz de Nossa Senhora da Conceição","Prados","Igreja","-21.056944173141158, -44.08023329443017","","Fechado","4.8","","","",""
"Portal De São Vicente de Minas","São Vicente de Minas ","Estrutura","-21.7054713976395, -44.432746018904666","","Aberto","4.8","","","",""
"Represa de Camargos ","Madre de Deus de Minas","Lago","-21.44815349748433, -44.42094783015332","","Aberto","4.8","","","",""
"Capela de Nossa Senhora do Rosário dos Pretos","Prados","Igreja","-21.054595563512933, -44.077966910308035","","Fechado","4.8","","","",""
"Vista do Morro dois irmãos","Madre de Deus de Minas ","Ponto Turístico","-21.574750551851945, -44.38565643597925","","Aberto","5","","","",""
"Cachoeira do Ronca","MAdre de Deus de Minas","Cachoeira ","-21.43541953967742, -42.94671407271975","","Aberto","5","","","",""
"Igreja Nossa senhora do Rosário","Madre de Deus de Minas ","Igreja ","-21.482141788277172, -44.33260373295033","","Fechado","4.3","","","",""
"Capela de Nossa Senhora do Livramento","Prados","Igreja","-21.04847081869874, -44.07079452767583","","Fechado","","","","",""
"Paróquina Nossa Senhora Mãe de Deus","Madre de Deu de Minas","Igreja ","-21.483893391626886, -44.33171397037169","","Fechado","4.8","","","",""
"Igreja de Nossa Senhora da Penha de França","Prados","i","","","","","","","",""
"Igreja de Santo Antônio","Prados","Igreja","-21.04383166913649, -44.09606295472679","","Fechado","4.9","","","",""
"Cachoeira Goiabeira","Madre de Deus de Minas","Cachoeira ","-21.483213688131315, -44.36780563854882","","Aberto","4.8","","","",""
"Divino Sabor Restaurante e Pizzaria","Madre de Deus de Minas ","Pizzaria ","-21.48256270733927, -44.33034134025741","","Fechado","4.5","","","",""
"Hotel Restaurante e Pizzaria Casarão","Madre de Deus de Minas ","Hotel","-21.48291671119248, -44.33141223042032","","Fechado","4.6","","","",""
"Casarão da Selaria Estrela","Prados","Casarão","-21.05970692968077, -44.07815416730863","","Fechado","","","","",""
"Bar da Fatinha","Madre de Deus de Minas ","Restaurante","-21.479161557580923, -44.33644366731189","","Fechado","4.5","","","",""
"Pousada Chave de Sol","Madre de Deus de Minas ","Pousada","-21.484069488473775, -44.32623212357359","","Fechado","4.5","","","",""
"Restaurante do mirante","Madre de Deus de Minas ","Restaurante","-21.468943641300957, -44.33816459043328","","Fechado","4.2","","","",""
"Pousada dos viajantes ","Madre de Deus de Minas ","Pousada","-21.482934403651036, -44.329767376175404","","Fechado ","4.7","","","",""
"Restaurante da Marília","Prados","Restaurante","-21.050485349557814, -44.09751908643015","","Fechado","4.4","","","",""
"Restaurante Rosa/Pousada Vista Serra","Prados","Hotel","-21.05136647681817, -44.09631745674119","","Fechado","","","","",""
"Casa da Cultura Carlos Chagas","Oliveira","Museu","-20.69730026381273, -44.82772793948352","","Fechado ","4.4","Sua construção teve início por volta de 1884, servindo a princípio, como residência urbana do Coronel Teodoro Ribeiro de Oliveira e Silva e sua família. Em 1913 foi vendido ao estado, instalando-se em suas dependências o 1º paço judiciário da cidade, um ano depois, após algumas remodelações, permanece como sede do fórum até 1977, sendo em seguida seriamente ameaçado de demolição para que fosse erguido ali um prédio para o mesmo uso. Foi tombado em 1983 pelo IEPHA.","","",""
"Chef Bayer Restaurante","Prados","Restaurante","-21.054448151394077, -44.084975724688455","","Fechado","4.6","","","",""
"Parque Municipal João Reis","Oliveira","Parque","-20.7050795450586, -44.82365383405443","","Aberto","4.4","","","",""
"Igreja dos Passos ","Oliveira","Igreja ","-20.699873188726908, -44.8236038934035","","Fechado ","5","","","",""
"Tempero da Ana Bar e restaurante","Prados","Restaurante","-21.056377885490075, -44.07863495397403","","Fechado","5","","","",""
"Matriz Nossa Senhora de Oliveira","Oliveira","Igreja ","-20.696899112370033, -44.82772322550836","","Fechado ","4.7","","","",""
"Restaurante Tempero da Márcia","Prados","Restaurante","-21.061068411954295, -44.07961195472481","","Fechado","5","","","",""
"Igreja Nova","Oliveira","Igreja ","-20.69867616310451, -44.82638004426362","","Fechado ","4.5","","","",""
"Cristo Redentor","Oliveira","Monumento ","-20.694696276989177, -44.81735476074097","","Aberto","4","","","",""
"Igreja Nossa Senhora Aparecida","Oliveira","Igreja ","-20.706265263761967, -44.830997327143116","","Aberto","4.8","","","",""
"Centro Histórico de Oliveira","Oliveira","Centro Histórico ","-20.697970067666002, -44.826184274615386","","Aberto","","","","",""
"Igreja Matriz de Santo Antônio","tiradentes","Igreja","-21.10674186054315, -44.17835873849572","","Fechado","4.8","A Igreja Matriz de Santo Antônio é o mais antigo e principal templo católico de Tiradentes, Minas Gerais, um dos mais ricos exemplares do barroco brasileiro, construído com a frente voltada para a Serra de São José. Logo na entrada, é difícil não se impressionar com os lustres de prata e a quantidade de ouro que decoram o altar e suas imagens.","","",""
" Igreja da Santíssima Trindade","tiradentes","Igreja","-21.112629567932462, -44.18258752541855","","Fechado","4.8","O Santuário da Santíssima Trindade é uma igreja católica da cidade de Tiradentes, no Brasil, construída em estilo Barroco-Rococó e tombada em nível nacional pelo IPHAN.","","",""
"Hotel Vila Mineira","Oliveira","Hotel","-20.694553884273578, -44.82532299800692","","Fechado ","4.1","","","",""
"Boa Vista Hotel","Oliveira","Hotel","-20.693020978802835, -44.8249979643803","","Fechado ","4.7","","","",""
"Igreja de Nossa Senhora do Rosário dos Pretos","tiradentes","Igreja","-21.094790572864873, -44.180981271392035","","Fechado","4.7","A Igreja do Rosário em Tiradentes é um dos melhores exemplares de templos construídos pela Irmandade de Nossa Senhora do Rosário em Minas Gerais e um dos principais bens históricos de Tiradentes.","","",""
"Hotel Bandeirante","Oliveira","Hotel","-20.697265701904218, -44.82639427382144","","Fechado ","3.8","","","",""
"Pousada Oliveira","Oliveira","Pousada","-20.696669356433162, -44.81945959038107","","Fechado","4.2","Assim como as outras, a igreja teria sido construída pelos negros escravos de Tiradentes, porém essa seria a igreja construída por eles e para eles.","","",""
"Largo das Forras","tiradentes","praça","-21.109859003874387, -44.17403617728516","","Aberto","4.7","Principal praça de Tiradentes, o Largo das Forras é um bom ponto de partida para começar a explorar o Centro Histórico. ","","",""
"Hotel Pit Stop","Oliveira","Hotel","-20.69843505799952, -44.80897129515069","","Fechado ","4.5","","","",""
"Chafariz de São José","tiradentes","chafariz","-21.107319335718127, -44.176497700246415","","Aberto","","Enigmático e peculiar, o chafariz foi construído em 1749 pela Câmara Municipal de São José Del Rei (Tiradentes), sendo considerado o mais belo chafariz do Brasil. Com fachada barroca e trabalhado em quartzito, foi construído com três funções: abastecer com água potável a população, servir como suporte para as lavadeiras locais e bebedouro aos animais.","","",""
"Pousada Brasil","Oliveira","Pousada","-20.698351021186546, -44.82534633859146","","Fechado ","3.5","","","",""
"Museu de Sant’Ana","tiradentes","Museu","-21.109380271678976, -44.176571250304214","","Fechado","4.6","O Museu de Sant'Ana é um museu de arte da cidade brasileira de Tiradentes, no estado de Minas Gerais.","","",""
"Restaurante do Jorginho","Oliveira","Restaurante","-20.699025052075523, -44.819707803413635","","Fechado ","4.6","","","",""
"Restaurante Sabor de Minas","Oliveira","Restaurante","-20.68830658653607, -44.82558787079633","","Fechado ","5","","","",""
"Prato de Girassol Gastrobar","Oliveira","Restaurante","-20.694007255818345, -44.825029710371325","","Fechado ","5","","","",""
"Museu da Liturgia","tiradentes","Museu","-21.109022840579392, -44.17772100241064","","Fechado","4.5","O primeiro Museu da Liturgia da América Latina foi inaugurado em abril de 2012 na cidade de Tiradentes, em Minas Gerais. Fruto do desejo antigo do historiador Olinto Rodrigues, do Padre Ademir Longatti e de toda a comunidade tiradentina, que ansiava por um local adequado e seguro para o armazenamento e exposição do rico acervo pertencente à Paróquia de Santo Antônio, a construção do espaço se tornou possível por meio do apoio direto e não incentivado BNDES.","","",""
"Restaurante Tempero Duchef","Oliveira","Restaurante","-20.697780986693868, -44.82635987466574","","Fechado ","4.5","","","",""
"Trem Maria Fumaça","tiradentes","passeio","-21.113281571100675, -44.16663923026722","","Fechado","4.5"," A Maria Fumaça que liga São João del Rei à Tiradentes é a mais antiga em operação no Brasil e atrai turistas do mundo inteiro. Além do incrível passeio, o complexo ferroviário oferece atrações como o museu ferroviário e a rotunda, famosa estrutura ferroviária utilizada para manutenção e armazenamento dos veículos ferroviários, preservando a memória e patrimônio histórico das ferrovias.","","",""
"Mirante Do Poteits","Oliveira","Mirante","-20.70615636223913, -44.84005494937317","","Aberto ","5","","","",""
"Capela de São Martinho","Oliveira","Igreja ","-20.703721773418295, -44.854744058777406","","Fechado ","4.9","","","",""
"Cachoeira do Bom Despacho","santa cruz","cachoeira","-21.119479975964946, -44.20395621961169","","Aberto","4.6","","","",""
"Campo do Andaraí","Oliveira","Ponto Turístico","-20.681718516809692, -44.83339162526864","","Aberto ","5","","","",""
"Restaurante Ponto dos Coqueiros","Oliveira","Restaurante","-20.678293316649604, -44.81860261016051","","Fechado ","4.6","","","",""
"Igreja Do Rosário","Ibertioga","Igreja ","-21.431110341056424, -43.96627269619978","","Fechado ","4.7","","","",""
"Matriz de Santo Antônio","Ibertioga","Igreja ","-21.43067666716977, -43.96293090997847","","Fechado ","S","","","",""
"Cachoeira do Índio","santa cruz","cachoeira","-21.11579118760959, -44.203020066201645","","Aberto","4.8","","","",""
"Travessia da Serra de São José","tiradentes","passeio","-21.098220675009678, -44.18987743674903","","Aberto","4.9","Trilha na Serra de São José. Início na Cachoeira do Mangue, passa por toda a crista de São José com ótimos visuais de Tiradentes e São João del Rei. Passa pela Cachoeira do Carteiro e termina na trilha Calçada próximo ao centro de Tiradentes.","","",""
"Tragaluz","tiradentes","Restaurante","-21.109258747411435, -44.176832533102655","","Fechado","4.5","","","",""
"Angatu","tiradentes","Restaurante","-21.108960193775417, -44.17633041961217","","Fechado","4.6","","","",""
"Restaurante da Beth","tiradentes","Restaurante","-21.10530465207282, -44.17459124659321","","Fechado","4.5","","","",""
"Sítio VÔ ITO","Ibertioga","Sítio","-21.465048514012707, -44.02816373735006","","Aberto ","5","","","",""
"Pacco & Bacco","tiradentes","Restaurante","-21.10955068576432, -44.176314919612174","","Fechado","4.6","","","",""
"Pousada pouso alegre","Ibertioga","Pousada ","-21.430924893051884, -43.963846101296376","","Fechado ","4.6","","","",""
"Bar Cheiro de Mato","Ibertioga","Bar","-21.43777593446217, -43.965068933661435","","Fechado ","4.8","","","",""
"Doralice Pizza Bar","Ibertioga","Pizzaria","-21.43038894182295, -43.96592167411578","","Fechado ","4.7","","","",""
"Mary Lanches","Ibertioga","lanchonete","-21.430424505500678, -43.96393127898418","","Fechado ","4.9","","","",""
"Doceria feito por ela","Ibertioga","Doceria","-21.429949443685715, -43.961851585783776","","Fechado ","5","","","",""
"Balneário da Usina","São Tiago","Cachoeira","-20.907684824435382, -44.49883533940576","","Aberto ","4.5","","","",""
"Cachoeira da Soeldade","São Tiago","Cachoeira","-20.949570687790192, -44.53840817408599","","Aberto ","4.9","","","",""
"Igreja Matriz de São Tiago","São Tiago","Igreja ","-20.91311894378084, -44.5090052199724","","Fechado ","4.7","","","",""
"Capela Sagrado Coração de Jesus","São TIago","Igreja ","-20.886102218540607, -44.49699011827912","","Fechado ","4.8","","","",""
"Sítio Encontro de Amigos","São Tiago","Sítio","-20.926437205405847, -44.5390272402491","","Fechado ","5","","","",""
"Indústria e Comércio de Biscoito Serra de MInas","São Tiago","Loja de Biscoitos","-20.926673017841907, -44.51679719972515","","Fechado ","4.5","","","",""
"Biscoito Vó Cidinha","São Tiago","Loja de Biscoitos","-20.920442910220235, -44.51466197449446","","Fechado ","5","","","",""
"Capela Nossa Senhora de Fátma ","São Tiago","Igreja ","-20.92090714489669, -44.51999058248482","","Fechado ","5","","","",""
"Tia Elena","São Tiago","Loja de Biscoitos ","-20.917193854414805, -44.51510499395677","","Fechado ","5","","","",""
"Ouro de Minas","São Tiago","Fornecedor de Laticínios","-20.9154930055467, -44.50845924208538","","Fechado ","4.5","","","",""
"Hotel Pousada Estância Tertúlia","São Tiago","Hotel","-20.910149790397895, -44.51096270889101","","Fechado ","4.9","","","",""
"Padaria Mineirisse","São Tiago","Padaria ","-20.909270999522747, -44.50715438709055","","Fechado ","4.7","","","",""
"Biscoitos São Tiago ","São Tiago ","Loja de Biscoitos ","-20.908250510851115, -44.509248223046676","","Fechado ","4.9","","","",""
"Hotel Lara","São Tiago ","Hotel","-20.90673388508107, -44.506289562538015","","Fechado ","3.7","","","",""
"Fábrica de biscoitos Vó Noeme","São Tiago ","Loja de Biscoitos ","-20.901829628065826, -44.505576407799374","","Fechado ","4.8","","","",""
"Laticínios São Tiago","São Tiago ","Loja de Laticínios","-20.900426266627406, -44.501510025212326","","Fechado ","4.9","","","",""
"Restaurante Três Irmãos ","São Tiago ","","-20.896783411057246, -44.50254187854222","","Fechado ","4.2","","","",""
"Bar do Guil","São Tiago ","Restaurante","-20.913268569649045, -44.51017105851028","","Fechado ","4.9","","","",""
"Draft Beer","São Tiago ","Bar ","-20.913421656469403, -44.51267127848764","","Fechado ","4.8","","","",""
"Hotel Minas Gerais","São Tiago ","Hotel","-20.912661010829964, -44.509352720429476","","Fechado ","3.7","","","",""
"Catedral basílica nossa senhora do Pilar","São João del Rei","Igreja ","-21.134708235031052, -44.26202846357043","","Fechado ","4.9","","","",""
"Museu Ferroviário","São João del Rei","Museu ","-21.133104260700115, -44.257315874854285","","Fechado ","4.6","Em 1981, quando a Estrada de Ferro Oeste de Minas completou 100 anos, inaugurou-se o belíssimo Museu Ferroviário. Seu acervo consta com objetos antigos – balanças, relógios, telefones, registradoras, sinos, ferramentas – e a locomotiva EFOM nº1, que foi a primeira da ferrovia. Além de haver um vagão de luxo, usado pela elite da época. A bitola dos trens utilizados possuem 0,76 mm, sendo a única no mundo a utilizar essa medida. Isso fez com que esses trens não rodassem por outras ferrovias e/ou fossem substituídos por outros mais modernos, logo, as marias-fumaças permaneceram.","","",""
"Igreja São Francisco de Assis","São João del Rei","Igreja ","-21.138103076247457, -44.26017544448806","","Fechado ","4.8","a Igreja de São Francisco de Assis foi projetada por Aleijadinho, enquanto, a reforma foi executada pelo mestre Francisco de Lima Cerqueira, iniciada em 1774 e finalizada em 1804. A portada é esculpida em pedra sabão e possui magnificas talhas que se organizam formado um formidável desenho. Em seu interior é possível observar nitidamente a influência do rococó, que é marcado pela capela-mor, com a composição em relevo da Santíssima Trindade, seis altares nave, os púlpitos e um gigantesco lustre de cristal Bacarat, todos ricamente trabalhados em madeira. Ela está localizada em um lindo jardim de palmeiras imperiais, com um adro delimitado por um muro de mármore branco vindo diretamente de Portugal. Além disso, no cemitério da igreja, encontra-se o túmulo do ex-presidente Tancredo Neves, natural da cidade. Vale ressaltar que, aos domingos, a missa é acompanhada por música barroca.","","",""
"Igreja Nossa Senhora do Carmo","São João del Rei","Igreja ","-21.133596757611343, -44.26076217223528","","Fechado ","4.8","A Igreja de Nossa Senhora do Carmo localiza-se no Largo do Carmo da cidade de São João del-Rei, no estado brasileiro de Minas Gerais. É uma das principais igrejas coloniais da cidade.","","",""
"Museu Regional de São João del Rei","São João del Rei","Museu ","-21.135847910252167, -44.26148583811305","","Fechado ","4.6","O Museu Regional de São João Del Rei é a antiga casa do Comendador João Antonio da Silva Mourão, homem de prestígio na época do Segundo Império. O prédio, um dos mais sofisticados do período, está voltado para a principal entrada da cidade,  foi tombado em 1946 e aberto à visitação, já como museu, em 1963.","","",""
"Igreja de Nossa Senhora das Mercês","São João del Rei","Igreja ","-21.133982775143693, -44.263961625332705","","Fechado ","4.8","No outeiro próximo às primeiras minas de ouro a Irmandade Nossa Senhora das Mercês, formada por negros libertos e crioulos, inicia em 1751 a construção de sua igreja, que se estende até 1853. Sua fachada elegante é marcada por uma única torre afastada do alinhamento. Ao lado da igreja, suspenso na paisagem, o cruzeiro expressa fé popular na dor e paixão de Cristo. Do alto da escadaria tem-se uma vista panorâmica da cidade e, ao longe a Capela do Senhor do Bonfim. ","","",""
"Teatro Municipal","São João del Rei","Teatro","-21.134846365675113, -44.25855818220671","","Fechao","4.6","Teatro Municipal de São João del-Rei é um dos mais importantes teatros do interior brasileiro. Inaugurado em 1839, ele está localizado no centro da cidade e foi palco de grandes acontecimentos artísticos. Sua arquitetura também chama atenção, em sua fachada é possível perceber rostos esculpidos que representam o drama, a comédia e a tragédia. Em seu interior encontra-se 480 poltronas estofadas, 190 em madeira e dez camarotes.","","",""
"Centro Histórico de São João del Rei","São João del Rei","Centro Histórico","-21.13527593798261, -44.26183434009764","","Aberto ","4.7","Com arquiteturas barrocas, igrejas centenárias e casarões cheios de história, o Centro Histórico de São João del-Rei - MG reserva uma viagem ao túnel do tempo.","","",""
"Solar das Neves","São João del Rei","Marco Histórico","-21.136456836967763, -44.262681343338066","","Aberto ","4","O Casarão pertencente à família Neves, com sua arquitetura residencial do século XIX, possui uma belíssima fachada, sendo ponto de um alto fluxo turístico e um dos cartões-postais da cidade.","","",""
"Ponte da cadeia","São João del Rei","Marco Histórico","-21.1356993863678, -44.26014609107777","","Aberto ","4.8","A Ponte da Cadeia teve anteriormente outras denominações. Primeiro era conhecida como Ponte Nova, talvez por substituir alguma mais antiga ou então ser de construção mais recente em relação a outra, depois passou a ser conhecida como: Ponte Nova da Intendência, Ponte da Intendência, Ponte de Baixo, por ficar abaixo em relação com a do Rosário, e finalmente passou a ser chamada de Ponte da Cadeia, desde a mudança da cadeia do Largo do Rosário, em frente ao Passo de N. Sra. da Piedade, para a parte térrea do edifício da Casa da Câmara, hoje Prefeitura, em 1853. A Lei n.º 469, de 21 de janeiro de 1926, mudou o nome de Ponte da Cadeia para Ponte Municipal, mas a população e mesmo a administração pública, continuam a denominá-la Ponte da Cadeia.","","",""
"Mercado Municipal ","São João del Rei","Mercado agrícola","-21.13263765206355, -44.260290101565516","","Fechado ","4.3","O Mercado Municipal é um importante ponto turístico e histórico de São João Del Rei. Diariamente, centenas de turistas visitam o local, em busca de iguarias ...","","",""
"Igreja De São Gonçalo","São João del Rei","Igreja ","-21.136651134953173, -44.25774497099852","","Fechado ","4.6","A Igreja de São Gonçalo Garcia é de 1903. Foi edificada em substituição à uma capela do século XVIII, também era em devoção ao Santo-mártir.","","",""
"Museu da FEB","São João del Rei","Museu militar","-21.13540681173475, -44.259459424512116","","Fechado ","4.7","O Museu da Força Expedicionária Brasileira traz a mostra da participação do 11º Regimento de Infantaria de São João del-Rei na Segunda Guerra Mundial. A galeria é composta por armas, documentos e trajes utilizados pelos soldados nos campos de batalha. A atuação ocorreu em Montese, na Itália, entre 1944 e 1945.","","",""
"Chafariz da legalidade","São João del Rei","Chafariz","-21.13678044095169, -44.25851748365039","","Aberto ","4.3","No ano de 1834, fora construído um chafariz no Largo do Tamandaré, denominado Chafariz da Legalidade, pelo fato histórico da Vila de São João del-Rei ter sido consagrada capital da Província de Minas Gerais, durante a Revolta da Fumaça. No Largo não havia muita água, por isso foi construído um aqueduto, que ia até a Ponte do Rosário, todo feito de tijolos e pedras, para facilitar o acesso das lavadeiras ao córrego do Lenheiro.","","",""
"Matriz do Senhor Bom Jesus dos Montes","São João del Rei","Igreja ","-21.126652896093468, -44.2638391575734","","Fechado ","4.7","","","",""
"Cachoeira da Serra do Lenheiro","São João del Rei","Cachoeira","-21.122409685175388, -44.266456828567996","","Aberto ","5","A Serra do Lenheiro é o único patrimônio natural de São João del-Rei. A origem da formação da serra remonta a 1,6 bilhões de anos e possui uma altitude máxima de 1.218m. De acordo com especialistas, o local é uma continuação da Serra de São José, situada em Tiradentes, e entre as duas serras fica o Vale do Rio das Mortes.","","",""
"Museu dos Sinos","São João del Rei","Museu","-21.132837622233875, -44.26068195764485","","Fechado ","5","O museu conta com uma exibição que passa por 4 eixos: a História dos Sinos no mundo ocidental, a fabricação dos sinos e sua condição de  instrumento musical; os sineiros de São João del-Rei; e a linguagem dos sinos. E ainda conta com uma exposição de sinos de bronze única no Brasil.","","",""
"Museu de Arte Sacra","São João del Rei","Museu","-21.135562787375665, -44.26223274967149","","Fechado ","5","O Museu de Arte Sacra de São João del-Rei tem como missão conservar, pesquisar e difundir o patrimônio histórico, artístico e cultural da Diocese de São João del-Rei. Este é um espaço de memória da cultura são joanense, pois representa a religiosidade da cidade desenvolvida através das instituições (Igreja, Estado) e das associações de leigos vivenciadas nas festas religiosas, solenidades, procissões e cortejos.","","",""
"Memorial Dom Lucas Museu","São João del Rei","Museu","-21.135251427090836, -44.26161825328818","","Fechado ","4.8","Localizada no centro histórico de São João de Rei, em frente a Basilica, uma pequena casa destaca-se pela sua conservação tanto por fora como por dentro, onde encontra-se toda a historia e a atividade religiosa do Cardeal Dom Lucas Moreira, pois foi a casa onde nasceu. Uma visita bem interessante.","","",""
"Casa Bárbara Helioda","São João del Rei","Museu","-21.13864794632394, -44.26110993539242","","Fechado ","4.6","Casa onde nasceu a poetisa que integrou a Inconfidência Mineira, em 1759, Bárbara Eliodora Guilhermina da Silveira. Foi casada com José de Alvarenga Peixoto, ouvidor da comarca do Rio das Mortes, que foi acusado e deportado pela Coroa Portuguesa para a África. O sobrado característico do período colonial é atualmente o edifício sede da Secretaria Municipal de Cultura e Turismo.","","",""
"Shopping Hills","São João del Rei","Shopping Center","-21.136213792856445, -44.25902369736438","","Fechado ","3.9","Trata-se de um simpático Centro Comercial e não um Shopping. Possui cinema, restaurantes, lojas variadas (muitas fechadas devido à crise causada pelo ""fique em casa"").","","",""
"Praça Expedicionários","São João del Rei","Praça","-21.136567863247524, -44.25813489444142","","Aberto ","4.5","Uma bela homenagem póstuma aos pracinhas que foram à guerra, não mais voltaram, perderam suas vidas lá.
Na pedra está o nome de cada um gravado para a eternidade, tem uma estátua de um pracinha, representando todos, um pouco atrás, o canhão de guerra.
Está no centro da cidade, em frente à igreja de São Gonçalo.","","",""
"Universidade Federal De São João del Rei Campus Santo Antônio","São João del Rei","Universidade Federal ","-21.139592290440227, -44.26047574274604","","Aberto ","4.7","A Universidade Federal de São João del-Rei (UFSJ) foi instalada em 21 de abril de 1987 como Fundação de Ensino Superior de São João del-Rei (FUNREI). No ano de 2002 foi transformada em Universidade. Hoje a UFSJ está presente em 5 municípios. Seus cursos estão distribuídos em 6 unidades educacionais: Campus Alto Paraopeba (CAP): localizado na divisa dos municípios de Ouro Branco e Congonhas; Campus Cento-Oeste ""Dona Lindu"" (CCO): localizado em Divinópolis; Campus Dom Bosco (CDB): localizado em São João del-Rei; Campus Santo Antônio (CSA): localizado em São João del-Rei; Campus Sete Lagoas (CSL): localizado em Sete Lagoas; Campus Tancredo Neves (CTAn): localizado em São João del-Rei;","","",""
"Picolé do Amado","São João del Rei","Sorveteria","-21.13207133219657, -44.2575793370901","","Aberto ","4.8","Fundada em 1965, a casa oferece picolés e sorvetes de fabricação própria em espacinho descontraído e familiar.","","",""
"Sorveteria Gelapapo","São João del Rei","Sorveteria","-21.13269179652825, -44.25819087356519","","Fechado ","4.4","A Gelapapo é uma indústria de sorvetes que fabrica com amor, tornando seus produtos cada dia mais saborosos. Tomou? Gostou! A Gelapapo esta presente em 21 cidades de nossa região, com produtos de qualidade, variedade, lançamentos e preços imbatíveis. É a empresa que mais cresce em nossa região porque você consumidor acredita e apoia a Gelapapo a 20 anos","","",""
"Cafexó","São João del Rei","Cafeteria","-21.12975769055376, -44.250110124360596","","Semiaberto","4.8","Saboreie o encanto da paixão, frescor e qualidade com os nossos doces artesanais.
No Cafexó, cada criação, feita com carinho pelos nossos cozinheiros e confeiteiros, é uma obra-prima de sabor.","","",""
"Santuário São João Bosco","São João del Rei","Igreja ","-21.12362430628627, -44.25108438226757","","Fechado ","4.9","A Paróquia de São João Bosco, em São João del-Rei, nasceu em 1936 por decreto do então bispo de Mariana, o salesiano Dom Helvécio Gomes de Oliveira. Ainda sem uma sede definitiva, funcionava na Capela do Albergue Santo Antônio. Teve como seu primeiro pároco o Monsenhor Francisco Tortoriello.","","",""
"Pousada o Amanhecer","Tiradentes","Hotel","-21.11104425762856, -44.16966565308024","","Fechado ","4.6","","","",""
"Universidade Federal De São João del Rei Campus Dom Bosco","São João del Rei","Igreja ","-21.124062571104066, -44.251050849462885","","Semiaberto","4.8","","","",""
"Pousada Mãe D'Água","Tiradentes","Hotel","-21.110427810908263, -44.17371596127864","","Fechado ","4.5","","","",""
"Pousada do Ó","Tiradentes","Hotel","-21.108584726061228, -44.17720029980079","","Fechado ","4.5","","","",""
"Cachoeira Bom despacho","São João del Rei","Trilha","-21.142752124007856, -44.2997166661832","","Aberto ","4.8","A Cachoeira do Bom Despacho possui acesso extremamente fácil. Localizada no trecho da Estrada Real que liga os municípios de Santa Cruz de Minas e Tiradentes, é considerada um local propício a banhos, piqueniques e contemplação da natureza. Faz parte do entorno do Marco Zero da Estrada Real, importante atrativo turístico local. É parte da APA São José - Área de Preservação Ambiental.","","",""
"Cachoeira Véu da Noiva","São João del Rei","Cachoeira","-21.138780402328536, -44.287734980653575","","Aberto ","5","","","",""
"Santíssimo Resort","Tiradentes","Hotel","-21.11263940716572, -44.172750378489894","","Fechado ","4.6","Cercado pela natureza exuberante, este hotel casual fica a 6 minutos a pé das exposições de carros no Museu do Automóvel da Estrada Real e a 16 km da Catedral Basílica de Nossa Senhora do Pilar com arquitetura do século 18.","","",""
"Cachoeira Mãe do Sete","São João del Rei","Cachoeira","-21.147340021215626, -44.29077348053753","","Aberto ","4.8","","","",""
"Universidade Federal De São João del Rei Campus Tancredo Neves","São João del Rei","Universidade Federal ","-21.101259572137522, -44.249771696341256","","Semiaberto","4.7","","","",""
"Solar da Ponte","Tiradentes","Hotel","-21.109395446537434, -44.17270677893339","","Fechado ","4.6","","","",""
"Pousada Tiradentes","Tiradentes","Hotel","-21.10960784077759, -44.17377616273708","","Fechado ","4.2","","","",""
"Mirante Caiera","São João del Rei","Mirante","-21.137301365503077, -44.245804046791896","","Aberto ","5","","","",""
"Bar Real","São João del Rei","Bar","-21.135780245830194, -44.243744150724275","","Fechado ","4.3","","","",""
"Pousada dos Sinos","São João del Rei","Pousada","-21.136710781682137, -44.261487389875334","","Fechado ","4.4","","","",""
"Hotel Ponte Real","São João del Rei","Hotel","-21.13601500311222, -44.26031508377109","","Fechado ","4.1","","","",""
"Hotel Colonial","São João del Rei","Hotel","-21.134372736850956, -44.26040443633378","","Fechado ","4.2","","","",""
"Hotel Lenheiros","São João del Rei","Hotel","-21.133527772319106, -44.25886063004606","","Fechado ","4.4","","","",""
"Solara Hotel","São João del Rei","Hotel","-21.135103329920536, -44.253276553794095","","Fechado ","4.5","","","",""
"Pousada Vovô Chiquinho","Tiradentes","Hotel","-21.110365983912608, -44.17471305735228","","Fechado ","4.6","Quartos simples em uma pousada do século 18 com piscina externa e sauna, além de café da manhã incluso.","","",""
"Pouso das Gerais","Tiradentes","Hotel","-21.110412979692835, -44.172787800182206","","Fechado ","4.5"," Com uma ótima estrutura e atendimento, priorizamos o seu conforto e a qualidade da sua estada. O Pouso dos Gerais dispõe de quartos casal até quarto família, café da manhã, Wi-Fi, piscina, estacionamento e muito sossego, paz e harmonia. A pousada possui uma localização privilegiada, fica bem próximo do centro da cidade e próximos dos melhores bares, restaurantes e pontos turísticos.","","",""
"Pousada - Segredo da Serra Guest House","Tiradentes","Hotel","-21.105987585801184, -44.172238013996775","","Fechado ","4.8","ocalizada em Tiradentes, a 400 metros da Estação Rodoviária de Tiradentes, a Segredo da Serra Guest House oferece acomodações com piscina ao ar livre, estacionamento privativo gratuito, jardim e terraço. Esta pousada 5 estrelas oferece Wi-Fi gratuito, cozinha compartilhada e serviço de concierge. A propriedade é antialérgica e está situada a 10 km da Estação Rodoviária de São João del Rei. Os quartos dispõem de banheiro privativo com chuveiro e produtos de banho de cortesia, TV de tela plana e ar-condicionado, e alguns incluem área de estar.","","",""
"Espaço 250 Tiradentes","Tiradentes","Hotel","-21.11096887379068, -44.16754358304069","","Fechado ","4.8","Traga sua família para curtir Tiradentes nesse lindo apartamento com 3 quartos, sendo 1 suíte, banheiro social, sala conjugada com cozinha e garagem para 1 carro.","","",""
"Hotel Vicenza Apart Hotel","São João del Rei","Hotel","-21.131563646087706, -44.25123955105793","","Fechado ","4.3","","","",""
"Pouso Alforria","Tiradentes","Hotel","-21.10607953605311, -44.17412219414123","","Fechado ","4.6","Situada em um belo parque, esta pousada fica a 800 m do centro histórico de Tiradentes. Oferece piscina ao ar livre, bar e recepção 24 horas. Os quartos aconchegantes e bem-iluminados contam com vista para o jardim.","","",""
"Pousada Rotunda","São João del Rei","Pousada","-21.13272484672202, -44.25424376622113","","Fechado ","4.7","","","",""
"AlmaSerra Vila","Tiradentes","Hotel","-21.1124039559154, -44.18355830922066","","Fechado ","4.8","","","",""
"Terra D' Ouro Apart Hotel","São João del Rei","Hotel","-21.116530585132004, -44.24970365235648","","Fechado ","4.7","","","",""
"Pousada Candonga da Serra","Tiradentes","Hotel","-21.114027749990612, -44.191528620012285","","Fechado ","4.3","","","",""
"Del Mundo Hostel","São João del Rei","Hostel","-21.136727640144272, -44.2648160328194","","Fechado ","4.8","","","",""
"Paróquia São José Operário","São João del Rei","Igreja ","-21.141238779186374, -44.27504442040291","","Fechado ","4.7"," paróquia, dedicada a São José Operário, foi a terceira da cidade a ser instalada, no dia 1º de janeiro de 1952, tendo, como primeiro pároco, o padre Osvaldo da Fonseca Torga. As duas principais ruas do Bairro são as de Santo Antônio e General Osório, acrescidas ultimamente da São João.","","",""
"Pousada Solar da Serra","Tiradentes","Hotel","-21.10255878337232, -44.153590616733744","","Fechado ","4.8","","","",""
"Capela do Senhor Bonfim","São João del Rei","Igreja ","-21.1431801019764, -44.256483325715486","","Fechado ","4.7","A Capela dedicada ao Senhor Bom Jesus do Bonfim foi construída em 1979 no antigo Morro da Forca, local onde eram executados os condenados à pena capital no período colonial. Nesta pequena capela segundo relatos históricos comemorou-se por alguns anos a Independência do Brasil com músicas e fogos de artifício.","","",""
"Restaurante Vilheiros","São João del Rei","Restaurante","-21.13775379279053, -44.261601402570676","","Fechado ","4.7","","","",""
"Restaurante Chafariz","São João del Rei","Restaurante","-21.1330300496983, -44.25670939733661","","Fechado ","4.4","","","",""
"Gramado Restaurante","São João del Rei","Restaurante","-21.13085135363944, -44.25406385200131","","Fechado ","4.1","","","",""
"Restaurante Casa da Sogra","São João del Rei","Restaurante","-21.1278290026311, -44.25007271539069","","Fechado ","4.9","","","",""
"Bar do Chiquinho","São João del Rei","Bar","-21.129991705208436, -44.254665146259796","","Fechado ","4.8","","","",""
"Taberna d'Omar ","São João del Rei","Restaurante","-21.133831090040513, -44.26089040728679","","Fechado ","4.7","","","",""
"Casa Torta","Prados","Centro de Arte","-21.089310875823774, -44.1269051472739","","Aberto ","4.4","Bem vindos à Casa Torta. Essa Casa propõe um diálogo sensível e uma quebra de tabu: Fazer adultos brincarem novamente como nos tempos de infância. Um espaço que diverte os olhos, enche sua cuca de arte e liberta o corpo para brincar à vontade enquanto você (re) descobre nos detalhes da casa, sua criança interior. Liberte a criança que vive em você. Toque o sino. Abra o sorriso e o coração.","","",""
"Restaurante Delícias de Tiradentes","Tiradentes","Restaurante","-21.10908646218315, -44.17370824827076","","Fechado ","4.6","","","",""
"Gourmeco Ristorante","Tiradentes","Restaurante","-21.110607806073155, -44.17512445468982","","Fechado ","4.5","","","",""
"Mia Restaurante","Tiradentes","Restaurante","-21.109723241200616, -44.176066541520264","","Fechado ","4.7","","","",""
"Museu do Automóvel","Tiradentes","Museu","-21.094979072375224, -44.13552725746783","","Fechado ","4.6","Quem vai a Tiradentes não pode deixar de conhecer o Museu do Automóvel da Estrada Real e recordar um pouco da história automobilística do Brasil e do mundo.

A aproximadamente 4,5km de Tiradentes, no vilarejo conhecido como Bichinho, encontra-se um verdadeiro tesouro preservado pelo colecionador Rodrigo Cerqueira Moura, um apaixonado por veículos antigos, que possui uma rara coleção. Desde 1976 ele adquire e restaura carros antigos na oficina que mantém lá mesmo, em seu sítio.","","",""
"Fazenda do Pombal","Tiradentes","Restaurante","-21.107264941980663, -44.16784612825925","","Fechado ","4.8","","","",""
"Cachoeira do Urubu","São João del Rei","Cachoeira","-21.175347568165048, -44.209184864098816","","Aberto ","4.6","","","",""
"Pracinha da várzea ","Conceição da Barra de Minas","Praça","-21.137608207083215, -44.469390925140246","","Aberto ","4.5","","","",""
"Igreja Nossa Senhora do Rosário","Conceição da Barra de Minas","Igreja ","-21.12862094211851, -44.47725798757244","","Fechado ","4.4","","","",""
"Igreja Santo Antônio","Conceição da Barra de Minas","Igreja ","-21.126220483925255, -44.470735945240904","","Aberto ","4.8","","","",""
"JM padaria Mercearia e Lanchonete","Conceição da Barra de Minas","Lanchonete","-21.12774637701433, -44.47193721316976","","Fechado ","4.7","","","",""
"Fazenda do Pombal","Ritápolis","Marco histórico","-21.057055011430677, -44.275143630146474","","Aberto ","4.6","Fazenda do Pombal, localizada no município de Ritápolis, carrega um título importante: berço do mártir da Inconfidência Mineira Joaquim José da Silva Chavier, o Tiradentes. O local oferece também o resgate histórico do lendário Rio das Mortes, que margeia a unidade. O sítio histórico é considerado uma reserva ecológica e é administrado pelo Instituto Chico Mendes de Conservação da Biodiversidade (ICMBio). A Flona de Ritápolis é um refúgio da vida animal e tem na proteção da flora, da fauna e dos mananciais hídricos um de seus principais objetivos.","","",""
"Cachoeira do Jaburu","Ritápolis","Cachoeira","-21.0322489293612, -44.35166597111168","","Aberto ","4.6","","","",""
"Praça Tancredo Neves","Ritápolis","Praça","-21.02659319074738, -44.32685303172811","","Aberto ","4.6","","","",""
"Cachoeira do Turco","Carrancas","Cachoeira","-21.46828576398286, -44.59929215550595","","Aberto ","4.7","","","",""
"Cachoeira Tira Prosa","Carrancas","Cachoeira","-21.47101624369524, -44.63966111350461","","Aberto ","4.6","","","",""
"Poço do Coração","Carrancas","Cachoeira","-21.465601614467207, -44.668968598409116","","Aberto ","4.7","","","",""
"Cachoeira da Toca","Carrancas","Cachoeira","-21.46966824404711, -44.66666232238103","","Aberto ","4.7","","","",""
"Cachoeira Esmeralda","Carrancas","Cachoeira","-21.46366332635839, -44.70509898877955","","Aberto ","4.8","O Complexo da Esmeralda tem esse nome por concentrar uma série de belezas naturais, poços e cachoeiras, sendo a principal delas a Cachoeira da Esmeralda. Está localizado a 8 Km do centro urbano de Carrancas, segundo pela estrada de terra. Para achar o caminho a partir do centro, basta seguir as placas no sentido da cidade de Luminárias.","","",""
"Cachoeira Véu de Noiva","Carrancas","Cachoeira","-21.46742476369869, -44.68113698138796","","aberto ","4.8","","","",""
"Cachoeira do Salomão","Carrancas","Cachoeira","-21.469305445996664, -44.64938010140212","","Aberto ","4.7","","","",""
"Cachoeira do Índio","Carrancas","Cachoeira","-21.54959651303529, -44.63877425057384","","Aberto ","4.7","","","",""
"Cachoeira das Onças","Carrancas","Cachoeira","-21.564603987009797, -44.62847456869596","","aberto ","4.8","","","",""
"Pousada Villa Cachoeira","Carrancas","Hotel","-21.490823966377658, -44.64791367191132","","Fechado ","4.8","","","",""
"Pousada da Mica","Carrancas","Hotel","-21.48704416687915, -44.642773917109345","","Fechado ","2.9","","","",""
"Pousada Vila Mandalah","Carrancas","Hotel","-21.484002568991407, -44.64373968183945","","Fechado ","4.9","","","",""
"Chalé Terra Viva","Carrancas","Hotel","-21.468761571351333, -44.625658809410275","","Fechado ","4.8","","","",""
"Pousada Luz do Sol","Carrancas","Hotel","-21.483163369331375, -44.64298360308289","","Fechado ","4.6","","","",""
"Uai Tchê Carrancas","Carrancas","restaurante","-21.492723205852307, -44.64701816749443","","Fechado ","5","","","",""
"Batata Mania","Carrancas","restaurante","-21.492283962135595, -44.644293043330876","","Fechado ","5","","","",""
"Magia da Terra Restaurante","Carrancas","restaurante","-21.49040717859244, -44.64489385810708","","Fechado ","4.9","","","",""
"Restaurante - Garagem mineira","Carrancas","restaurante","-21.489309049321907, -44.64435741614544","","Fechado ","4.8","","","",""
"Restaurante Adobe - Carrancas","Carrancas","restaurante","-21.487831553250206, -44.64163229198192","","Fechado ","4.2","","","",""
"Restaurante Ratatouille","Carrancas","restaurante","-21.486413706234636, -44.64155917905628","","Fechado ","5","","","",""
"Restaurante Feliz","Carrancas","restaurante","-21.48127974948292, -44.645225090402796","","Fechado ","4.6","","","",""
"Bar e Restaurante da Toca","Carrancas","restaurante","-21.476863095382964, -44.66431226583392","","Fechado ","4.3","","","",""
"Igreja do Ramos","Ritápolis","Igreja ","-20.973449724958044, -44.27239035138371","","Fechado ","4.7","","","",""
"Habemus Pasta Ristorante","Ritápolis","Restaurante","-21.026200890695666, -44.32570588289847","","Fechado ","5","","","",""
"Garage Food & Beer","Ritápolis","Hamburgueria ","-21.02819141162429, -44.326743361871635","","Fechado ","4.6","","","",""
"Tim Tones bar restaurante e pizzaria","Ritápolis","Restaurante","-21.02790972480497, -44.326776975793095","","Fechado ","4.3","","","",""
"Villa Boemia","Ritápolis","Bar","-21.029388453173986, -44.324919316521964","","Semiaberto","4.6","","","",""
"Pousada Novas Trilhas","Ritápolis","Pousada","-21.024487155757154, -44.319343942345306","","Fechado ","4.4","","","",""
"Pousada Bella Vista","Ritápolis","Pousada","-21.028673173847853, -44.316618530532224","","Fechado ","5","","","",""
"Pousada primavera","Ritápolis","Pousada","-21.02705090205259, -44.31957988420456","","Fechado ","4.1","","","",""
"Dany's Place","Ritápolis","Apartamento para temporada","-21.017376755371913, -44.31917243102114","","Fechado ","5","","","",""
"Travessa Rachid Mattar","RItápolis","Trilha","-21.016034594160114, -44.32243391400081","","Aberto ","4.1","","","",""
"Cruzeiro do Morro Grande","Ritápolis","Trilha","-21.027225133527978, -44.34003947994836","","Aberto ","4.8","","","",""
"Mirante das Lajes","Resende Costa","Mirante","-20.922185286224614, -44.23866080318817","","aberto ","4.8","","","",""
"Fonte da Mina","Resende Costa","Parque Ecológico","-20.926697658426246, -44.2377548493542","","aberto ","4.6","","","",""
"Cachoeira Da restinga de baixo","Resende Costa","Parque Ecológico","-20.904738221838134, -44.323124323946935","","aberto ","4.8","","","",""
"Cachoeira do pinto","Resende Costa","Cachoeira","-20.86465315967395, -44.31625114861705","","aberto ","4.6","","","",""
"Restaurante Canto do Mato","Resende Costa","restaurante","-20.92939030033819, -44.24684183625113","","Fechado ","4.8","","","",""
"Mandacá: Restaurante, Açaí e pizzaria ","Resende Costa","restaurante","-20.93005471470086, -44.23114263379152","","Fechado ","4.6","","","",""
"Churrascaria Ramona","Resende Costa","Churrascaria ","-20.9283693961282, -44.23168413806038","","Fechado ","4.6","","","",""
"Restaurante Tempero de Minas","Resende Costa","restaurante","-20.931537320482843, -44.22551235136295","","Fechado ","4.8","","","",""
"Pousada DDB","Resende Costa","Pousada","-20.92397693793246, -44.238394241741396","","Fechado ","4.6","","","",""
"Chácara Sangrilá","Resende Costa","Chalé","-20.92710270785532, -44.22968162962658","","Fechado ","5","","","",""
"Arraial Lage Hospedaria","Resende Costa","Hotel","-20.932353169595114, -44.22667670953142","","Fechado ","4.7","","","",""
"Pousada Mariart ","Resende Costa","Pousada","-20.931671813376138, -44.22744939660481","","Fechado ","4.8","","","",""
"Museu da Loucura","Barbacena","Museu","-21.20380211748096, -43.78687825397653","","Fechado ","4.6","A cada sala, engolíamos seco e segurávamos as lágrimas. Ver fotos, ler relatos e ouvir áudios de pacientes nos transportava, de alguma forma, à realidade dos pacientes psiquiátricos de Barbacena. Por muitos anos, o Hospital Colônia de Barbacena foi “referência” nacional em “tratamento” de pessoas com doenças psiquiátricas, tanto que Barbacena teve a alcunha de “cidade dos loucos”.","","",""
"Matriz Nossa Senhora da Assunção","Barbacena","Igreja ","-21.226025528917543, -43.778062692046944","","Fechado ","4.7","","","",""
"Museu Municipal de Barbacena","Barbacena","Museu","-21.226758022011353, -43.77300260795305","","Fechado ","4.3","O Museu funciona na antiga residência do político Comendador João Fernandes de Oliveira Pena. A construção é datada de 1810, no estilo Colonial Mineiro. O Museu abriga um variado acervo de peças de titulares do Império, objetos pessoais de políticos e ilustres, mobiliado no século XIX, centenas de fotografias da cidades nos últimos 100 anos e outras peças de grande valor histórico. São 08 salas com artigos da nossa história (foco em Barbacena) e, em uma delas, é possível observar fotos antigas comparadas com atuais dos mesmos lugares. Ponto alto: saber do esforço do diretor em manter essa relíquia brasileira. Torcemos para que o museu receba mais visitas.","","",""
"Nossa Senhora do Rosário","Barbacena","Igreja ","-21.21909088208597, -43.7724539956264","","Fechado ","4.7","","","",""
"Paróquia São José Operário","Barbacena","Igreja ","-21.22386830312465, -43.765853333557644","","Fechado ","4.9","","","",""
"Restaurante Casinha da Roça","Barbacena","restaurante","-21.2280769165724, -43.77191196191333","","Fechado ","4.7","","","",""
"Restaurante Parada Obrigatdria","Barbacena","restaurante","-21.193723106326903, -43.800085311579615","","Fechado ","5","","","",""
"Restaurante Grogotó","Barbacena","restaurante","-21.217703182565398, -43.7494583685476","","Fechado ","5","","","",""
"Restaurante Toca da Coruja","Barbacena","restaurante","-21.22083848499143, -43.777027996931096","","Fechado ","4.3","","","",""
"Restaurante Refúgio","Barbacena","restaurante","-21.220640346933276, -43.76990632186684","","Fechado ","4.4","","","",""
"Tulha Du Chef - Jantar Restaurante Barbacena","Barbacena","restaurante","-21.23459556581268, -43.77536044465984","","Fechado ","4.6","","","",""
"Village Plaza Hotel","Barbacena","Hotel","-21.215927422730555, -43.74592714485949","","Fechado ","4.5","","","",""
"Hotel fazenda morada do imperador","Barbacena","Hotel","-21.17810545771722, -43.8093117339599","","Fechado ","4.2","","","",""
"Hotel Master Plaza","Barbacena","Hotel","-21.22110674395043, -43.7719913724129","","Fechado ","4.4","","","",""
"Hotel Aliança","Barbacena","Hotel","-21.225505076636953, -43.77182041782459","","Fechado ","4","","","",""
"Del Rey Hotel","Barbacena","Hotel","-21.218410003209968, -43.7735446480168","","Fechado ","4.1","","","",""
"ibis budget Barbacena","Barbacena","Hotel","-21.2118442561865, -43.759329346012855","","Fechado ","4","","","",""
"Hotel Serra Das Vertentes ","Barbacena","Hotel","-21.22899039363788, -43.771602537627686","","Fechado ","4","","","",""
"Marco Zero Estrada Real","Santa Cruz de Minas","Monumento","-21.120144968733328, -44.203161949841494","","aberto ","4.3","","","",""
"Pousada Clube Santa Cruz","Santa Cruz de Minas","Pousada","-21.122080578705642, -44.22695103732829","","Fechado ","4.2","","","",""
"Artesanato Móveis rústicos São José","Santa Cruz de Minas","Loja de Artesanato","-21.122229889447155, -44.219191050327105","","Fechado ","4.6","","","",""
"Ateliê cor da Lua","Santa Cruz de Minas","Ateliê ","-21.12172040645867, -44.21910762560252","","Fechado ","5","","","",""
"Empório Sabores do Sítio - Queijo da Lúcia","Santa Cruz de Minas","Loja de Queijos","-21.11914025787753, -44.198741308951824","","Fechado ","4.7","","","",""
"Pousada Porto Real","Santa Cruz de Minas","Pousada","-21.121210889693177, -44.22029869421278","","Fechado ","4.6","","","",""
"Ribeirão da Várzea","Nazareno","Trilha","-21.213987369067286, -44.63930822394694","","aberto ","4.5","","","",""
"Dinho's Hotel e Restaurante ","Nazareno","restaurante","-21.21599550735328, -44.62123585767628","","Fechado ","4.5","","","",""
"Santuário Nossa Senhora de Nazare","Nazareno","Igreja ","-21.21694751573239, -44.61195908627909","","Fechado ","4.9","","","",""
"Hotel e Restaurante Mangueira","Nazareno","Hotel","-21.21795810969204, -44.612834611448434","","Fechado ","4.2","","","",""
"Pousada Central","Nazareno","Pousada","-21.216422834717854, -44.612480287854076","","Fechado ","4.6","","","",""
"Pizzaria Vá Bene","Nazareno","Pizzaria","-21.216250471569822, -44.61735165779615","","Fechado ","4.7","","","",""
"Cachoeira da Usina","Nazareno","Cachoeira","-21.22009895617206, -44.62237104944165","","aberto ","4.1","","","",""
"Cruzeiro","Itutinga","Mirante","-21.301927670008574, -44.65493997131152","","aberto ","4","","","",""
"Poço do coração","Itutinga","Cachoeira","-21.467535215315365, -44.667220148039746","","aberto ","4.7","","","",""
"Restaurante e cafeteria café real","Itutinga","restaurante","-21.294891381805378, -44.66247178531308","","Fechado ","4.5","","","",""
"Pousada Gaya","Itutinga","Pousada","-21.44926805930969, -44.66108500349699","","Fechado ","4.7","","","",""
"Pousada e restaurante Nascimento","Itutinga","Pousada","-21.29667338932346, -44.66110847500473","","Semiaberto","4.3","","","",""
"Praça santo antônio","Itutinga","Praça","-21.29759076229923, -44.65843208985625","","aberto ","4.5","","","",""
"Capela dos santos Anjos","Itutinga","Igreja ","-21.299103919865473, -44.6478517219419","","Fechado ","4.7","","","",""
"Trilha do Carteiro","Tiradentes","Trilha","-21.095790914454124, -44.16889192353083","","aberto ","4.8","Com uma paisagem deslumbrante entre a Mata Atlântica, Cerrado e Campo Rupestre, a Trilha do Carteiro dispõe de uma rica biodiversidade. Passa-se pela calçada dos escravos até chegar à Cruz do Carteiro, onde reza a lenda que havia um carteiro que – na condição de informante da Inconfidência Mineira – cruzava esta imponente Serra para levar correspondências, mas que terminou sendo morto numa emboscada armada por tropas da Coroa Portuguesa. No trajeto pode-se avançar até a Cachoeira Coca-Cola, uma excelente opção para se refrescar e dar continuidade à trilha na Serra de São José, dentro da Área de Preservação Ambiental de Vida Silvestre das Libélulas.","","",""
