Avaliação,Crítica,Nome da Pessoa Avaliadora,Estabelecimento Avaliado
4,"Ótimo serviço e comida deliciosa!",Ana Silva,Restaurante Aconchego
2,"Atendimento lento e comida fria.",Carlos Ferreira,Restaurante Sabor & Sossego
5,"Adorei o ambiente e a equipe atenciosa.",Maria Santos,Café Sereno
3,"Preços altos, mas a qualidade é boa.",Luiz Oliveira,Supermercado Econômico
4,"Excelente seleção de vinhos!",Sophia Gomes,Adega Vinhos do Vale
1,"Péssimo atendimento e higiene questionável.",Pedro Nogueira,Bar do Rui
5,"Voltarei com certeza, comida maravilhosa.",Juliana Pereira,Restaurante Gourmet
2,"Música alta demais, não conseguia conversar.",Ricardo Costa,Clube Noturno Eclipse
4,"Comida saudável e fresca, recomendo.",Mariana Almeida,Restaurante Verde Vida
3,"Precisa de mais opções no menu.",Eduardo Souza,Pizzaria Bella Napoli
5,"Ambiente familiar e pratos deliciosos.",Lara Martins,Restaurante da Nonna
2,"Esperava mais do serviço, decepcionante.",Raul Mendes,Cafeteria Expresso
4,"Atendimento simpático e bom custo-benefício.",Camila Ribeiro,Restaurante do Bairro
1,"Comida sem gosto, não recomendo.",Lucas Fernandes,Restaurante Sabores
5,"Adorei a decoração e o café é incrível.",Isabel Castro,Café das Artes
3,"Demorou muito para ser atendido.",Gustavo Rodrigues,Pizzaria Famiglia
4,"Comida apetitosa e preço justo.",Patricia Santos,Restaurante Sabor & Alegria
2,"Lugar sujo e atendimento desinteressado.",João Ferreira,Lanchonete do Zé
5,"Perfeito para encontros românticos.",Sofia Lima,Restaurante Luar
3,"Comida ok, mas não impressionou.",Miguel Carvalho,Churrascaria Carnaval
4,"Atendimento rápido e boa variedade de pratos.",Tatiana Pereira,Buffet Sabor Festivo
1,"Nunca mais voltaria, experiência horrível.",André Silva,Restaurante Aventura Gastronômica
5,"Um dos melhores bares da cidade.",Julio Mendonça,Bar do Capitão
3,"Faltam opções vegetarianas no cardápio.",Luana Alves,Restaurante Vegano Sabor Verde
4,"Pratos saborosos e porções generosas.",Renato Oliveira,Restaurante da Praia
2,"Péssimo atendimento e preços abusivos.",Fernanda Ferreira,Restaurante de Luxo
5,"Ambiente acolhedor e comida excepcional.",Antonio Santos,Restaurante Elegância
3,"Comida razoável, mas espera longa demais.",Clara Pereira,Restaurante Sabor & Tempero
4,"Excelente seleção de cervejas artesanais.",Gabriel Rodrigues,Pub da Cerveja
1,"Lugar sujo e comida sem sabor.",Raquel Lima,Lanchonete Rápido Lanche
