Avaliação,Crítica,Nome da Pessoa Avaliadora,Estabelecimento Avaliado,Crítica_Ingles,Sentimento
4,Ótimo serviço e comida deliciosa!,Ana Silva,Restaurante Aconchego,Great service and delicious food!,Positive
2,Atendimento lento e comida fria.,Carlos Ferreira,Restaurante Sabor & Sossego,Slow care and cold food.,Negative
5,Adorei o ambiente e a equipe atenciosa.,Maria Santos,Café Sereno,I loved the atmosphere and the attentive team.,Positive
3,"Preços altos, mas a qualidade é boa.",Luiz Oliveira,Supermercado Econômico,"High prices, but the quality is good.",Positive
4,Excelente seleção de vinhos!,Sophia Gomes,Adega Vinhos do Vale,Excellent selection of wines!,Positive
1,Péssimo atendimento e higiene questionável.,Pedro Nogueira,Bar do Rui,Bad care and questionable hygiene.,Negative
5,"Voltarei com certeza, comida maravilhosa.",Juliana Pereira,Restaurante Gourmet,"I'll be back for sure, wonderful food.",Positive
2,"Música alta demais, não conseguia conversar.",Ricardo Costa,Clube Noturno Eclipse,"Too high music, I couldn't talk.",Positive
4,"Comida saudável e fresca, recomendo.",Mariana Almeida,Restaurante Verde Vida,"Healthy and fresh food, I recommend.",Positive
3,Precisa de mais opções no menu.,Eduardo Souza,Pizzaria Bella Napoli,You need more options in the menu.,Positive
5,Ambiente familiar e pratos deliciosos.,Lara Martins,Restaurante da Nonna,Family environment and delicious dishes.,Positive
2,"Esperava mais do serviço, decepcionante.",Raul Mendes,Cafeteria Expresso,I expected more of the disappointing service.,Negative
4,Atendimento simpático e bom custo-benefício.,Camila Ribeiro,Restaurante do Bairro,Friendly and cost-effective service.,Positive
1,"Comida sem gosto, não recomendo.",Lucas Fernandes,Restaurante Sabores,"Food without taste, I do not recommend.",Neutral
5,Adorei a decoração e o café é incrível.,Isabel Castro,Café das Artes,I loved the decoration and the coffee is amazing.,Positive
3,Demorou muito para ser atendido.,Gustavo Rodrigues,Pizzaria Famiglia,It took a long time to be answered.,Negative
4,Comida apetitosa e preço justo.,Patricia Santos,Restaurante Sabor & Alegria,Appetizing food and fair price.,Positive
2,Lugar sujo e atendimento desinteressado.,João Ferreira,Lanchonete do Zé,Dirty place and disinterested service.,Negative
5,Perfeito para encontros românticos.,Sofia Lima,Restaurante Luar,Perfect for romantic encounters.,Positive
3,"Comida ok, mas não impressionou.",Miguel Carvalho,Churrascaria Carnaval,"Food ok, but didn't impress.",Positive
4,Atendimento rápido e boa variedade de pratos.,Tatiana Pereira,Buffet Sabor Festivo,Fast service and good variety of dishes.,Positive
1,"Nunca mais voltaria, experiência horrível.",André Silva,Restaurante Aventura Gastronômica,"I would never come back, horrible experience.",Negative
5,Um dos melhores bares da cidade.,Julio Mendonça,Bar do Capitão,One of the best bars in town.,Positive
3,Faltam opções vegetarianas no cardápio.,Luana Alves,Restaurante Vegano Sabor Verde,Vegetarian options are missing on the menu.,Negative
4,Pratos saborosos e porções generosas.,Renato Oliveira,Restaurante da Praia,Tasty dishes and generous portions.,Neutral
2,Péssimo atendimento e preços abusivos.,Fernanda Ferreira,Restaurante de Luxo,Bad service and abusive prices.,Negative
5,Ambiente acolhedor e comida excepcional.,Antonio Santos,Restaurante Elegância,Welcoming environment and exceptional food.,Positive
3,"Comida razoável, mas espera longa demais.",Clara Pereira,Restaurante Sabor & Tempero,"Reasonable food, but expects too long.",Positive
4,Excelente seleção de cervejas artesanais.,Gabriel Rodrigues,Pub da Cerveja,Excellent selection of craft beers.,Positive
1,Lugar sujo e comida sem sabor.,Raquel Lima,Lanchonete Rápido Lanche,Dirty place and flavorless food.,Negative
