nome,genero,idade,grupo-ou-nao,local-de-origem,primeira-vez,viagens-pela-plataforma,tempo de viagem médio em dias,dinheiro gasto por viagem médio
Camila,feminino,32,sim,Fortaleza,Não,4,4.0,320
André,masculino,29,não,São Paulo,Sim,7,4.0,290
Renata,feminino,27,sim,Rio de Janeiro,Não,2,5.0,270
Leonardo,masculino,33,sim,Salvador,Sim,5,3.0,165
Juliana,feminino,30,sim,Recife,Não,4,4.0,300
Daniel,masculino,28,sim,Brasília,Sim,6,4.0,280
Marina,feminino,26,sim,Florianópolis,Não,2,10.0,260
Carlos,masculino,31,sim,Porto Alegre,Sim,8,4.0,310
Luiza,feminino,35,sim,Belo Horizonte,Não,3,7.0,105
Fernanda,feminino,29,sim,Curitiba,Sim,6,4.0,290
Rafael,masculino,36,sim,Manaus,Não,1,10.0,36
Jéssica,feminino,25,sim,Belém,Sim,5,5.0,250
Henrique,masculino,32,não,Porto Alegre,Não,2,5.0,64
Aline,feminino,30,sim,Recife,Sim,4,4.0,120
Guilherme,masculino,27,sim,Salvador,Sim,7,4.0,189
Larissa,feminino,28,sim,São Paulo,Sim,6,4.0,168
Gustavo,masculino,33,sim,Rio de Janeiro,Não,3,7.0,99
Paula,feminino,31,sim,Brasília,Não,2,6.0,62
Marcelo,masculino,30,sim,Florianópolis,Sim,5,6.0,150
Beatriz,feminino,26,sim,Manaus,Sim,4,6.0,104
Matheus,masculino,29,sim,Belo Horizonte,Sim,8,4.0,232
Patrícia,feminino,28,sim,Curitiba,Sim,6,4.0,168
Lucas,masculino,35,sim,Porto Alegre,Não,3,7.0,105
Letícia,feminino,29,sim,Belém,Sim,5,5.0,145
Diego,masculino,31,sim,Fortaleza,Sim,7,4.0,248
Isadora,feminino,27,sim,Rio de Janeiro,Não,2,5.0,54
Felipe,masculino,32,sim,São Paulo,Sim,6,5.0,192
Fernanda,feminino,33,sim,Manaus,Não,1,10.0,33
Bruno,masculino,30,sim,Recife,Não,4,5.0,120
Luana,feminino,25,sim,Porto Alegre,Sim,9,3.0,225
Caio,masculino,26,sim,Curitiba,Sim,5,5.0,130
Aline,feminino,34,sim,Salvador,Sim,8,4.0,272
Vitor,masculino,31,sim,Florianópolis,Não,3,7.0,93
Gabriela,feminino,29,sim,Belo Horizonte,Não,2,10.0,58
Marcelo,masculino,28,sim,Manaus,Sim,7,4.0,196
Larissa,feminino,27,sim,Brasília,Não,2,5.0,54
Rafael,masculino,34,sim,Belém,Sim,6,4.0,204
Juliana,feminino,33,sim,Rio de Janeiro,Não,3,7.0,99
Thiago,masculino,35,sim,São Paulo,Sim,8,4.0,140
Camila,feminino,31,sim,Porto Alegre,Sim,5,6.0,155
André,masculino,30,sim,Fortaleza,Não,2,5.0,60
Renata,feminino,29,sim,Recife,Sim,4,4.0,116
Leonardo,masculino,32,sim,Curitiba,Não,1,10.0,32
Juliana,feminino,27,sim,Salvador,Sim,5,5.0,108
Daniel,masculino,26,sim,Manaus,Sim,6,4.0,130
Isabela,feminino,28,sim,Florianópolis,Sim,7,4.0,140
Ricardo,masculino,34,sim,Porto Alegre,Sim,8,4.0,272
Ana,feminino,31,sim,Rio de Janeiro,Não,2,10.0,62
João,masculino,27,não,Salvador,Sim,5,5.0,135
Maria,feminino,40,sim,Recife,Não,4,5.0,100
